{
  "EnableClientProtection" : null,
  "DisableDBRootAccess" : false,
  "DisableAutoUpdates" : false,
  "DisableTLS" : null,
  "UseHTTPDefaultv11" : false,
  "PortHTTPS" : 8443,
  "PortHTTPPrivilegedAccess" : null,
  "UseCORSHeader" : false,
  "TempPath" : "tmp",
  "TLSKeyAlias" : "${SVWS_TLS_KEY_ALIAS}",
  "TLSKeystorePath" : "${SVWS_TLS_KEYSTORE_PATH}",
  "TLSKeystorePassword" : "${SVWS_TLS_KEYSTORE_PASSWORD}",
  "ClientPath" : "./client",
  "AdminClientPath" : "./adminclient",
  "LoggingEnabled" : true,
  "LoggingPath" : "logs",
  "ServerMode" : "stable",
  "PrivilegedDatabaseUser" : "root",
  "DBKonfiguration" : {
    "dbms" : "MARIA_DB",
    "location" : "${MARIADB_HOST}",
    "defaultschema" : null,
    "SchemaKonfiguration" : []
  }
}
